255,9953,1651406,4135486,1108749,1666414,4083008,1215228,9292,1547358,2587841,1261472,1550083,2576981,1329149
254,9067,1512714,4110329,1118387,1509635,4093043,1240047,9273,1543061,2458433,1289471,1548074,2419874,1274012
253,9272,1548618,4131178,1104050,1542231,4139802,1228267,9428,1622430,2586826,1300976,1520457,2559198,1352751
252,9948,1817375,4175315,1123251,1498671,4116239,1229207,9226,1537171,2490555,1290718,1538280,2444244,1346737
251,9057,1510616,4146984,1112844,1508566,4103690,1204284,9576,1593418,2613388,1336770,1598780,2593300,1281426
250,9699,1603440,4141309,1099654,1629824,4102571,1195116,9441,1571396,2451333,1283286,1575782,2417773,1286999
249,9096,1518334,4147858,1111977,1513868,4101055,1235541,9265,1544744,2512179,1290770,1543690,2441449,1275290
248,9206,1534055,4131226,1113958,1534779,4108264,1213003,9905,1641255,2571280,1339169,1660528,2451507,1299271
247,10915,1819699,4156417,1096767,1818731,4149616,1232507,9280,1548690,2408050,1297513,1544746,2342259,1303694
246,9118,1516217,4201286,1121578,1523165,4146631,1247282,9269,1545598,2449273,1317161,1544322,2419407,1313735
245,9824,1635799,4177717,1106209,1639185,4145358,1228023,9698,1617329,2450202,1340915,1615645,2433261,1299577
244,9200,1532307,4149004,1111292,1534473,4112066,1267794,9271,1541671,2407848,1277280,1548949,2330441,1298405
243,9592,1591533,4153118,1107240,1606048,4156271,1231402,9448,1559262,2459353,1287022,1590235,2400373,1347862
242,9018,1506290,4176456,1108774,1499846,4181913,1251298,9168,1528441,2498770,1313389,1527690,2455801,1283670
241,9255,1540325,4190841,1116350,1544993,4220148,1243529,9357,1555235,2540856,1332604,1563964,2435882,1322724
240,10575,1751948,4205141,1064509,1773259,4151311,1193068,9624,1603178,2430530,1282299,1605089,2401004,1296637
239,9102,1520004,4172297,1100870,1514144,4130013,1213580,9229,1538296,2400619,1308272,1538127,2380830,1307703
238,9735,1610001,4157636,1115081,1635056,4105510,1227899,9356,1561890,2494945,1305096,1556850,2355445,1296202
237,9070,1513743,4161927,1118862,1509896,4137337,1248918,9584,1598436,2424352,1307697,1596526,2382243,1294271
236,9253,1541301,4187206,1104028,1543266,4133764,1228106,9133,1519350,2455687,1262479,1525145,2372397,1277391
235,9030,1504383,4171480,1111651,1505715,4130872,1254921,9134,1523526,2447179,1302468,1521328,2414125,1311009
234,9193,1529798,4183189,1103649,1534769,4190012,1250394,9531,1637451,2427210,1311436,1539767,2402268,1331409
233,9971,1644062,4206113,1096992,1679746,4153773,1226091,9307,1548251,2462086,1310304,1554153,2385171,1329227
232,9235,1547608,4220507,1112168,1531019,4165876,1245815,9601,1598752,2558944,1309079,1601631,2559289,1299579
231,9764,1624508,4213543,1117187,1630315,4200079,1257492,9488,1586275,2620374,1296447,1576467,2493225,1308590
230,9117,1515733,4167926,1130067,1523559,4159967,1276839,9422,1572390,2469235,1317864,1568604,2402171,1380079
229,9591,1603592,4190689,1099297,1593474,4174856,1242123,9663,1609349,2478630,1386254,1611913,2335741,1404607
228,9081,1514870,4216497,1129272,1512441,4191473,1264122,9234,1535580,2452281,1300886,1542671,2407248,1302100
227,9351,1553156,4234559,1100176,1564160,4214228,1226659,9762,1629982,2449130,1300313,1624166,2419505,1309260
226,9096,1517893,4267193,1121877,1514239,4206661,1229596,9304,1553610,2408343,1356554,1548002,2363281,1354788
225,9440,1567320,4279264,1130416,1579430,4187533,1270666,9369,1564003,2517483,1292757,1559106,2466878,1299705
224,9170,1528196,4244583,1128424,1528688,4217118,1260519,9464,1574033,2556343,1268720,1580819,2425408,1311721
223,9801,1628185,4340696,1131508,1639080,4263516,1284930,9450,1577626,2542757,1294878,1572592,2447119,1291610
222,9596,1594304,4347061,1156477,1604666,4288500,1274772,9303,1547246,2459189,1364252,1553958,2435907,1360939
221,10836,1806894,4363415,1168702,1805180,4317399,1271949,9450,1578278,2450535,1321704,1572021,2397073,1323641
220,9756,1619957,4383108,1151990,1632091,4329785,1300044,9669,1612041,2575319,1306670,1611048,2498185,1302346
219,9704,1620691,4401669,1172946,1614292,4360950,1298820,9730,1619397,2756838,1367216,1624115,2653016,1367885
218,10508,1918881,4388228,1168901,1583866,4350192,1325501,9459,1573023,2530877,1358324,1580084,2479702,1343056
217,10298,1719967,4411146,1177304,1713003,4397427,1302908,10173,1694462,2522593,1458929,1696674,2479757,1369779
216,9875,1641596,4486318,1187620,1650155,4438547,1338371,9739,1623229,2550183,1353925,1623151,2512800,1366416
215,9896,1651840,4463219,1177694,1646921,4422277,1336597,9885,1647984,2698788,1373381,1647314,2624136,1385667
214,9732,1623449,4488997,1203755,1620744,4442989,1355920,10623,1771528,2541614,1357398,1769557,2487533,1361417
213,11570,1881337,4508496,1191669,1975531,4487300,1362606,10067,1675750,2615347,1475658,1679966,2554950,1485517
212,10782,1778990,4541896,1196957,1815067,4515457,1365056,10077,1674118,2616312,1404101,1684964,2581641,1471180
211,10719,1786161,4563124,1223804,1786922,4574949,1359209,10083,1680556,2555277,1483856,1680446,2527762,1501901
210,10514,1748066,4644917,1217494,1756820,4541643,1350910,9937,1652891,2645595,1491640,1659694,2611695,1510820
209,10383,1732978,4619107,1232709,1728241,4603655,1384219,10592,1764911,2653284,1527647,1765943,2610814,1488788
208,10505,1744154,4634055,1257180,1757672,4647158,1414547,10603,1764165,2634073,1487035,1770229,2593089,1462095
207,10740,1786021,4693098,1240851,1794043,4664952,1426053,10437,1731989,2717944,1477167,1747341,2641341,1508542
206,11013,1831061,4716151,1253367,1840170,4689341,1420548,10466,1748356,2729709,1521636,1740609,2645047,1524854
205,11428,1906478,4743485,1252872,1903032,4729029,1422148,10733,1783788,2719692,1540788,1793909,2679345,1525143
204,10368,1725447,4779144,1288386,1730783,4758306,1414897,10730,1797417,2719707,1510369,1779426,2694129,1500704
203,10463,1746896,4822566,1249256,1740884,4758130,1454944,10923,1826237,2712712,1508795,1814764,2679505,1485424
202,10626,1769427,4870187,1302268,1772759,4826706,1468148,10943,1829134,2794991,1545492,1818546,2668716,1491785
201,11018,1838193,4903463,1295211,1834577,4845661,1480269,11330,1887406,2819883,1560880,1889574,2779201,1534152
200,12441,2060399,4911276,1297559,2086656,4915263,1489048,10669,1777595,2845675,1566281,1778841,2782214,1543891
199,11065,1844522,5022766,1325877,1844056,4993596,1500703,10946,1823417,2802869,1575610,1825399,2769106,1563597
198,11536,1916039,5065693,1329375,1929483,5047473,1514553,10917,1817287,2861891,1584433,1821938,2839150,1548232
197,11066,1845119,5090672,1375382,1843683,5058905,1508434,11650,1939807,2868417,1590649,1943773,2839200,1537032
196,11587,1934225,5183363,1369001,1928424,5110114,1534630,11264,1880117,2935192,1591387,1874697,2881300,1573679
195,11472,1905202,5242361,1393037,1918814,5152775,1538840,11167,1854885,2922420,1629603,1867573,2904712,1592024
194,12515,2086029,5333435,1374055,2085677,5217060,1588783,12121,2022751,2989839,1644276,2017791,2934383,1628301
193,11797,1966966,5331768,1441871,1965653,5292820,1598324,11551,1920592,3008577,1647107,1929925,2985943,1623621
192,11788,1958109,5384271,1472361,1971516,5367691,1651110,12282,2045890,3073022,1694528,2048280,3023632,1639280
191,13496,2212604,5499834,1473074,2286190,5485394,1659091,11877,1988183,3059104,1678240,1970970,3003399,1680046
190,12881,2134358,5602688,1471571,2159441,5554546,1655178,11750,1951815,3093362,1665679,1965181,3048634,1662815
189,12550,2082564,5641714,1525177,2100929,5604197,1714486,12381,2063894,3111447,1727127,2063370,3046521,1720921
188,12757,2124104,5679691,1550017,2128421,5603616,1750183,12183,2022592,3132461,1732957,2038684,3097741,1677998
187,12964,2157621,5765225,1549137,2163973,5743732,1739458,12630,2095059,3239719,1671792,2115165,3145459,1676695
186,13167,2196745,5894034,1584357,2192425,5868878,1776203,13023,2161453,3272282,1835430,2179838,3190654,1712256
185,13441,2227542,6005376,1597978,2253052,5975765,1808641,13127,2194000,3288552,1803845,2181930,3238159,1801850
184,14281,2375096,6051278,1611249,2385340,6045659,1811751,12659,2114178,3332235,1865875,2105536,3299330,1726795
183,13327,2217130,6117328,1649474,2225265,6080944,1838223,12938,2154679,3344138,1840628,2158128,3273847,1806950
182,13778,2299698,6261344,1656412,2293083,6201279,1880040,13048,2182574,3371569,1842379,2166783,3339458,1837592
181,14128,2360430,6440162,1703258,2349170,6328023,1902429,13166,2191281,3441003,1906968,2197496,3365026,1886843
180,16582,2699494,6490779,1686943,2828007,6385647,1918088,13342,2220608,3448968,1902389,2226770,3423643,1879463
179,14210,2367832,6568996,1739119,2369119,6515319,1970510,13385,2230544,3494009,1958349,2231357,3419603,1958892
178,15987,2667380,6611245,1754544,2661675,6554251,1982893,13406,2218688,3343962,1901796,2250203,3245324,1883575
177,14676,2453669,6714167,1820089,2438635,6683078,2023979,13681,2277097,3451474,1957564,2283365,3374305,1924772
176,17238,2861015,6795530,1786192,2885086,6736301,2058249,14219,2359155,3573854,2016227,2380754,3527532,1983260
175,15433,2562968,7025827,1859998,2581551,6945808,2079385,13741,2291515,3591670,2027335,2289119,3578382,1975191
174,15481,2576136,7100989,1872269,2572758,7009220,2075938,13876,2307280,3644166,2098676,2318153,3573063,2061307
173,18757,3125323,7114193,1915849,3127078,7044092,2175004,13948,2332284,3587191,1988800,2317069,3541512,1967447
172,16777,2795761,7297441,1931592,2796751,7232526,2177025,14591,2437271,3634520,1938673,2426681,3595987,1950293
171,16254,2698702,7444296,1965872,2719324,7372108,2245342,13797,2293783,3661865,2127777,2305276,3622149,2054284
170,16509,2740721,7544171,1929540,2762351,7415446,2219439,13957,2319489,3656010,2065269,2332846,3626640,2093216
169,16575,2772684,7724895,2092393,2752349,7612938,2328541,13992,2333153,3718197,1973035,2322660,3665316,1970050
168,16911,2818136,7696916,2073620,2818895,7595113,2314558,14637,2438122,3725100,1987493,2440921,3690185,2007745
167,17268,2878410,7906918,2150671,2877802,7845236,2398353,13989,2335138,3744637,2029078,2327909,3674863,2051891
166,17217,2879428,7982680,2120976,2859754,7892556,2374528,14634,2446814,3703232,2009142,2431208,3658434,2009264
165,17603,2934550,8102338,2154218,2933219,8009219,2439528,15010,2500732,3891473,2034721,2502658,3843223,1995143
164,17906,2988763,8314966,2238093,2980198,8194824,2502274,14562,2423363,3818261,2161663,2430772,3753127,2132552
163,19170,3189840,8410770,2216189,3200176,8312300,2494256,14411,2404497,3671225,2003947,2399209,3594390,2008101
162,21714,3532297,8754762,2297543,3705988,8600977,2600178,14229,2367210,3751012,2014446,2375902,3659799,2017041
161,18636,3110969,8639240,2336276,3101166,8503591,2595907,14788,2467904,3860807,2099486,2461708,3776195,2086070
160,19152,3189087,8922511,2382771,3195144,8797664,2671341,15384,2558569,3881153,2133434,2569592,3805315,2112049
159,20850,3435355,9053100,2372569,3514744,8901636,2658330,14964,2488113,3837943,2158004,2500047,3765341,2103476
158,19128,3185776,9049917,2364090,3190358,8916064,2711756,15323,2545874,3973787,2176714,2562031,3894653,2150091
157,19909,3325388,9365449,2504401,3311080,9266717,2720333,15130,2524312,4032664,2240363,2519173,4001422,2184291
156,20083,3340229,9435962,2573498,3354304,9401673,2796777,15308,2555201,3951746,2203322,2547667,3891803,2153398
155,20538,3418836,9743619,2577264,3427220,9595680,2847234,15009,2499846,4010109,2285762,2503182,3964348,2288487
154,20417,3411512,9874500,2630735,3394295,9807461,2909869,16107,2684029,4093449,2227534,2685112,4034485,2214762
153,21287,3546373,10095825,2607816,3549453,9970383,2817301,15461,2573622,3981448,2233085,2580196,3934106,2204008
152,21196,3534549,10139583,2744662,3531093,10058767,2987794,15385,2550639,3986742,2298437,2577830,3909939,2327504
151,23466,3866501,10269982,2684584,3955803,10153524,2981790,15967,2659522,4112637,2253193,2663010,4058047,2264425
150,21645,3591543,10290111,2707519,3623695,10210166,2946548,15828,2642711,3989372,2285705,2633568,3916607,2218906
149,21552,3589625,10567838,2736678,3594376,10351140,3054161,15389,2560852,4052619,2267526,2569015,3930418,2267520
148,24578,4047132,10821546,2883225,4145639,10733154,3058022,16142,2702972,4159186,2222976,2677955,4096229,2215802
147,22506,3746854,10792466,2826563,3755433,10613657,3122120,16119,2686289,4165077,2334992,2686841,4096505,2318945
146,22841,3810352,11157048,2899050,3803420,11028749,3102179,16054,2672469,4165489,2343840,2679090,4099536,2306668
145,22747,3794927,11034538,2947435,3787461,10891830,3260494,16842,2806194,4189063,2332252,2808106,4126527,2241915
144,26084,4333972,11264904,2926982,4360718,11133916,3172897,16255,2715542,4175324,2355880,2703105,4108107,2356689
143,24343,4027225,11354444,2992748,4087288,11266282,3304751,16585,2758171,4277589,2417668,2770474,4239460,2459733
142,23655,3947237,11690691,3063944,3938011,11492300,3343243,16788,2799969,4287980,2294380,2796116,4242621,2303238
141,23828,3962654,11560055,2998373,3980255,11452787,3315614,16373,2723232,4257003,2342849,2734766,4172179,2325471
140,22515,3753099,11353095,2896998,3751910,11233514,3203654,16602,2762621,4353313,2452817,2771699,4294551,2510942
139,23519,3904945,11584913,3132085,3935011,11467894,3407779,17813,2965043,4485203,2393235,2972677,4427253,2465022
138,27625,4528931,11649892,3035417,4679508,11553560,3315885,17472,2912868,4412644,2516368,2911375,4350476,2506780
137,26858,4476853,12125116,3117651,4476035,12029967,3366922,17843,2975296,4525308,2616657,2972476,4467281,2509057
136,28284,4693312,12942922,3283822,4734929,12735342,3599587,17702,2935097,4402910,2517095,2965651,4343538,2492082
135,28228,4705964,12812723,3299707,4703640,12626692,3584071,17966,2994202,4591683,2550630,2994659,4544587,2423465
134,30190,5016327,13098156,3414525,5047055,13011830,3711877,17769,2967028,4508466,2512069,2956008,4448422,2354756
133,32797,5331138,13492445,3469354,5601299,13222456,3810629,18173,3049230,4522332,2528348,3008534,4493330,2524444
132,27106,4515393,14131223,3678560,4519974,13833219,3980885,18675,3111084,4692042,2720489,3114217,4646632,2571581
131,26040,4354513,13530937,3570830,4325570,13338507,3858769,18725,3105904,4611975,2605109,3136081,4515987,2599645
130,26647,4425298,13512863,3550932,4457344,13380754,3790895,17894,2988051,4690353,2588232,2976848,4651690,2439689
129,27092,4514863,13740255,3487059,4515999,13516867,3794492,18243,3046482,4606368,2594044,3034655,4489743,2585206
128,28936,4811275,14588583,3599150,4834284,14283510,3914181,18759,3129378,4908924,2630780,3123685,4869137,2576247
127,37070,6120415,16189317,4035799,6236331,15874347,4294422,18986,3159457,4714524,2710459,3169264,4683601,2632357
126,31163,5199605,16723345,4229196,5188326,16359376,4437564,19846,3287236,5016281,2633524,3328220,4952523,2637718
125,34487,5728427,18296657,4203659,5767321,17707055,4483857,18852,3143249,4919674,2677967,3140807,4907752,2554927
124,32261,5342805,19088098,4422799,5411170,18251385,4621387,19502,3252557,5061380,2815563,3248318,5011238,2838357
123,33508,5586788,17957249,4420255,5582862,17488006,4536358,19778,3298787,5130161,2698142,3294038,4956114,2712413
122,32928,5474873,18865919,4392388,5501178,18109148,4549297,19152,3189486,4960853,2819596,3194800,4841957,2819625
121,38844,6385963,22046644,4538795,6562287,21010378,4711060,20111,3356418,5217990,3028073,3347283,5171747,3043565
120,34617,5779216,21140225,4698610,5760005,20176641,4878983,20667,3467210,5061437,2893526,3421810,4951262,2953569
119,46724,7573648,23215013,4686061,8001077,21982420,5055729,20045,3348111,5319135,2838221,3333736,5294424,2799245
118,37964,6332711,23791794,4791019,6322077,22510574,5055829,20404,3394035,5173964,2890390,3407525,5005971,2768742
117,39197,6505275,24379957,5034276,6560638,23084609,5269251,20389,3404282,5460669,2865076,3392321,5399713,2815878
116,40359,6742741,27901069,5265084,6710487,26187723,5544530,20633,3451451,5398955,2857371,3426539,5265036,2774350
115,46718,7642672,34474818,5556940,7929996,31445984,5847864,21116,3517587,5566044,2956411,3521102,5489734,2982445
114,48143,8194805,12511072,5593709,7852895,11620324,5893524,21834,3639485,5611147,3176063,3638597,5568583,3183185
113,51831,8858697,14483441,5716746,8418373,13299368,5954621,22851,3809079,5800778,3279940,3808105,5722502,3346319
112,48949,7993463,9579140,5915302,8323160,39713507,6141443,26514,4424797,6797938,3840076,4413443,6751554,3723541
111,50678,8456790,64061527,6225848,8435933,52634973,6489165,25857,4293601,6663551,3809248,4325555,6622017,3761630
110,26332,4974873,26679720,14972556,3802626,20338908,11506440,24303,4048083,6377753,3640213,4053007,6310745,3667325
109,0,0,0,4294967295,0,0,4294967295,24988,4160868,6405246,3720785,4168561,6365027,3687264
108,0,0,0,4294967295,0,0,4294967295,23600,3926289,6381559,3556359,3940585,6156008,3677722
107,0,0,0,4294967295,0,0,4294967295,24978,4137755,6151858,3540868,4188277,6048367,3646629
106,0,0,0,4294967295,0,0,4294967295,24435,4072559,6356129,3449141,4072637,6286428,3480807
105,0,0,0,4294967295,0,0,4294967295,25525,4251873,6544299,3335185,4256740,6480725,3363336
104,0,0,0,4294967295,0,0,4294967295,25702,4285815,6600287,3919392,4281594,6558200,3784350
103,0,0,0,4294967295,0,0,4294967295,25667,4280076,6652896,3393506,4262486,6525529,3400213
102,0,0,0,4294967295,0,0,4294967295,26477,4403627,6531175,3795164,4422083,6390848,3816057
101,0,0,0,4294967295,0,0,4294967295,26325,4380342,6722144,3948589,4394766,6677589,3932195
100,0,0,0,4294967295,0,0,4294967295,28198,4717728,7239938,4014537,4681691,7178809,4087429
99,0,0,0,4294967295,0,0,4294967295,28598,4751105,7014818,4026372,4781791,6973325,4003375
98,0,0,0,4294967295,0,0,4294967295,28439,4719404,7325155,4101990,4760346,7264793,4239697
97,0,0,0,4294967295,0,0,4294967295,29310,4864667,7316905,4225041,4905388,7267354,4263210
96,0,0,0,4294967295,0,0,4294967295,31239,5205698,7756401,4598862,5207367,7721846,4503210
95,0,0,0,4294967295,0,0,4294967295,30312,5040727,7947922,4288933,5063311,7898860,4431183
94,0,0,0,4294967295,0,0,4294967295,31745,5267222,7783322,4556622,5314752,7744693,4443532
93,0,0,0,4294967295,0,0,4294967295,30060,5019749,7644109,4426211,5000506,7568510,4526579
92,0,0,0,4294967295,0,0,4294967295,30251,5023497,8183110,4331140,5060205,8027949,4385590
91,0,0,0,4294967295,0,0,4294967295,36136,5987851,8775280,4906488,6057649,8721967,5109580
90,0,0,0,4294967295,0,0,4294967295,32433,5401647,8220349,4887895,5409515,8142523,4881890
89,0,0,0,4294967295,0,0,4294967295,33510,5593505,8772164,4731107,5576809,8751422,4789629
88,0,0,0,4294967295,0,0,4294967295,36441,6070346,8842480,5252861,6076914,8800791,5176999
87,0,0,0,4294967295,0,0,4294967295,38034,6339843,9151694,5480325,6338317,9140518,5314041
86,0,0,0,4294967295,0,0,4294967295,38221,6363704,10174133,5541148,6376940,9961972,5687153
85,0,0,0,4294967295,0,0,4294967295,36729,6121025,10338685,5682053,6122170,10299039,5776964
84,0,0,0,4294967295,0,0,4294967295,42559,7155212,10056819,5853290,7031126,10057951,5740849
83,0,0,0,4294967295,0,0,4294967295,42387,7086533,11028268,6250996,7042687,11006499,6366621
82,0,0,0,4294967295,0,0,4294967295,41401,6903693,10770814,5953536,6896881,10836599,6129165
81,0,0,0,4294967295,0,0,4294967295,43132,7207920,11526406,6349838,7169554,11257365,6466853
80,0,0,0,4294967295,0,0,4294967295,44578,7428498,9673479,6710681,7430975,9507017,6906628
79,0,0,0,4294967295,0,0,4294967295,45988,7656410,11649280,7305983,7673118,10979042,7268779
78,0,0,0,4294967295,0,0,4294967295,45828,7611972,11840601,7001416,7664211,11846339,7115080
77,0,0,0,4294967295,0,0,4294967295,50531,8291327,13214531,7461619,8552519,12741439,7511940
76,0,0,0,4294967295,0,0,4294967295,50934,8448960,13784838,7324640,8529077,13856530,7718231
75,0,0,0,4294967295,0,0,4294967295,52924,8794523,14199250,8068748,8847138,14378565,7989401
74,0,0,0,4294967295,0,0,4294967295,54272,9014955,13141758,8843202,9075955,15369304,8631049
73,0,0,0,4294967295,0,0,4294967295,52967,8819790,10805341,8372753,8836059,11608759,8593284
72,0,0,0,4294967295,0,0,4294967295,65844,10969321,20831548,8846518,10978724,21068017,9296168
71,0,0,0,4294967295,0,0,4294967295,72051,11194457,26185819,11547733,12822794,29883455,10872537
70,0,0,0,4294967295,0,0,4294967295,0,0,0,4294967295,0,0,268435455
69,0,0,0,4294967295,0,0,4294967295,0,0,0,4294967295,0,0,268435455
68,0,0,0,4294967295,0,0,4294967295,0,0,0,4294967295,0,0,268435455
67,0,0,0,4294967295,0,0,4294967295,0,0,0,4294967295,0,0,268435455
66,0,0,0,4294967295,0,0,4294967295,0,0,0,4294967295,0,0,268435455
65,0,0,0,4294967295,0,0,4294967295,0,0,0,4294967295,0,0,268435455
64,0,0,0,4294967295,0,0,4294967295,0,0,0,4294967295,0,0,268435455
63,0,0,0,4294967295,0,0,4294967295,0,0,0,4294967295,0,0,268435455
62,0,0,0,4294967295,0,0,4294967295,0,0,0,4294967295,0,0,268435455
61,0,0,0,4294967295,0,0,4294967295,0,0,0,4294967295,0,0,268435455
60,0,0,0,4294967295,0,0,4294967295,0,0,0,4294967295,0,0,268435455
59,0,0,0,4294967295,0,0,4294967295,0,0,0,4294967295,0,0,268435455
58,0,0,0,4294967295,0,0,4294967295,0,0,0,4294967295,0,0,268435455
57,0,0,0,4294967295,0,0,4294967295,0,0,0,4294967295,0,0,268435455
56,0,0,0,4294967295,0,0,4294967295,0,0,0,4294967295,0,0,268435455
55,0,0,0,4294967295,0,0,4294967295,0,0,0,4294967295,0,0,268435455
54,0,0,0,4294967295,0,0,4294967295,0,0,0,4294967295,0,0,268435455
53,0,0,0,4294967295,0,0,4294967295,0,0,0,4294967295,0,0,268435455
52,0,0,0,4294967295,0,0,4294967295,0,0,0,4294967295,0,0,268435455
51,0,0,0,4294967295,0,0,4294967295,0,0,0,4294967295,0,0,268435455
50,0,0,0,4294967295,0,0,4294967295,0,0,0,4294967295,0,0,268435455
49,0,0,0,4294967295,0,0,4294967295,0,0,0,4294967295,0,0,268435455
48,0,0,0,4294967295,0,0,4294967295,0,0,0,4294967295,0,0,268435455
47,0,0,0,4294967295,0,0,4294967295,0,0,0,4294967295,0,0,268435455
46,0,0,0,4294967295,0,0,4294967295,0,0,0,4294967295,0,0,268435455
45,0,0,0,4294967295,0,0,4294967295,0,0,0,4294967295,0,0,268435455
44,0,0,0,4294967295,0,0,4294967295,0,0,0,4294967295,0,0,268435455
43,0,0,0,4294967295,0,0,4294967295,0,0,0,4294967295,0,0,268435455
42,0,0,0,4294967295,0,0,4294967295,0,0,0,4294967295,0,0,268435455
41,0,0,0,4294967295,0,0,4294967295,0,0,0,4294967295,0,0,268435455
40,0,0,0,4294967295,0,0,4294967295,0,0,0,4294967295,0,0,268435455
39,0,0,0,4294967295,0,0,4294967295,0,0,0,4294967295,0,0,268435455
38,0,0,0,4294967295,0,0,4294967295,0,0,0,4294967295,0,0,268435455
37,0,0,0,4294967295,0,0,4294967295,0,0,0,4294967295,0,0,268435455
36,0,0,0,4294967295,0,0,4294967295,0,0,0,4294967295,0,0,268435455
35,0,0,0,4294967295,0,0,4294967295,0,0,0,4294967295,0,0,268435455
34,0,0,0,4294967295,0,0,4294967295,0,0,0,4294967295,0,0,268435455
33,0,0,0,4294967295,0,0,4294967295,0,0,0,4294967295,0,0,268435455
32,0,0,0,4294967295,0,0,4294967295,0,0,0,4294967295,0,0,268435455
31,0,0,0,4294967295,0,0,4294967295,0,0,0,4294967295,0,0,268435455
30,0,0,0,4294967295,0,0,4294967295,0,0,0,4294967295,0,0,268435455
29,0,0,0,4294967295,0,0,4294967295,0,0,0,4294967295,0,0,268435455
28,0,0,0,4294967295,0,0,4294967295,0,0,0,4294967295,0,0,268435455
27,0,0,0,4294967295,0,0,4294967295,0,0,0,4294967295,0,0,268435455
26,0,0,0,4294967295,0,0,4294967295,0,0,0,4294967295,0,0,268435455
25,0,0,0,4294967295,0,0,4294967295,0,0,0,4294967295,0,0,268435455
24,0,0,0,4294967295,0,0,4294967295,0,0,0,4294967295,0,0,268435455
23,0,0,0,4294967295,0,0,4294967295,0,0,0,4294967295,0,0,268435455
22,0,0,0,4294967295,0,0,4294967295,0,0,0,4294967295,0,0,268435455
21,0,0,0,4294967295,0,0,4294967295,0,0,0,4294967295,0,0,268435455
20,0,0,0,4294967295,0,0,4294967295,0,0,0,4294967295,0,0,268435455
19,0,0,0,4294967295,0,0,4294967295,0,0,0,4294967295,0,0,268435455
18,0,0,0,4294967295,0,0,4294967295,0,0,0,4294967295,0,0,268435455
17,0,0,0,4294967295,0,0,4294967295,0,0,0,4294967295,0,0,268435455
16,0,0,0,4294967295,0,0,4294967295,0,0,0,4294967295,0,0,268435455
15,0,0,0,4294967295,0,0,4294967295,0,0,0,4294967295,0,0,268435455
14,0,0,0,4294967295,0,0,4294967295,0,0,0,4294967295,0,0,268435455
13,0,0,0,4294967295,0,0,4294967295,0,0,0,4294967295,0,0,268435455
12,0,0,0,4294967295,0,0,4294967295,0,0,0,4294967295,0,0,268435455
11,0,0,0,4294967295,0,0,4294967295,0,0,0,4294967295,0,0,268435455
10,0,0,0,4294967295,0,0,4294967295,0,0,0,4294967295,0,0,268435455
9,0,0,0,4294967295,0,0,4294967295,0,0,0,4294967295,0,0,268435455
8,0,0,0,4294967295,0,0,4294967295,0,0,0,4294967295,0,0,268435455
7,0,0,0,4294967295,0,0,4294967295,0,0,0,4294967295,0,0,268435455
6,0,0,0,4294967295,0,0,4294967295,0,0,0,4294967295,0,0,268435455
5,0,0,0,4294967295,0,0,4294967295,0,0,0,4294967295,0,0,268435455
4,0,0,0,4294967295,0,0,4294967295,0,0,0,4294967295,0,0,268435455
3,0,0,0,4294967295,0,0,4294967295,0,0,0,4294967295,0,0,268435455
2,0,0,0,4294967295,0,0,4294967295,0,0,0,4294967295,0,0,268435455
1,0,0,0,4294967295,0,0,4294967295,0,0,0,4294967295,0,0,268435455
0,0,0,0,4294967295,0,0,4294967295,0,0,0,4294967295,0,0,268435455
1,0,0,0,4294967295,0,0,4294967295,0,0,0,4294967295,0,0,268435455
2,0,0,0,4294967295,0,0,4294967295,0,0,0,4294967295,0,0,268435455
3,0,0,0,4294967295,0,0,4294967295,0,0,0,4294967295,0,0,268435455
4,0,0,0,4294967295,0,0,4294967295,0,0,0,4294967295,0,0,268435455
5,0,0,0,4294967295,0,0,4294967295,0,0,0,4294967295,0,0,268435455
6,0,0,0,4294967295,0,0,4294967295,0,0,0,4294967295,0,0,268435455
7,0,0,0,4294967295,0,0,4294967295,0,0,0,4294967295,0,0,268435455
8,0,0,0,4294967295,0,0,4294967295,0,0,0,4294967295,0,0,268435455
9,0,0,0,4294967295,0,0,4294967295,0,0,0,4294967295,0,0,268435455
10,0,0,0,4294967295,0,0,4294967295,0,0,0,4294967295,0,0,268435455
11,0,0,0,4294967295,0,0,4294967295,0,0,0,4294967295,0,0,268435455
12,0,0,0,4294967295,0,0,4294967295,0,0,0,4294967295,0,0,268435455
13,0,0,0,4294967295,0,0,4294967295,0,0,0,4294967295,0,0,268435455
14,0,0,0,4294967295,0,0,4294967295,0,0,0,4294967295,0,0,268435455
15,0,0,0,4294967295,0,0,4294967295,0,0,0,4294967295,0,0,268435455
16,0,0,0,4294967295,0,0,4294967295,0,0,0,4294967295,0,0,268435455
17,0,0,0,4294967295,0,0,4294967295,0,0,0,4294967295,0,0,268435455
18,0,0,0,4294967295,0,0,4294967295,0,0,0,4294967295,0,0,268435455
19,0,0,0,4294967295,0,0,4294967295,0,0,0,4294967295,0,0,268435455
20,0,0,0,4294967295,0,0,4294967295,0,0,0,4294967295,0,0,268435455
21,0,0,0,4294967295,0,0,4294967295,0,0,0,4294967295,0,0,268435455
22,0,0,0,4294967295,0,0,4294967295,0,0,0,4294967295,0,0,268435455
23,0,0,0,4294967295,0,0,4294967295,0,0,0,4294967295,0,0,268435455
24,0,0,0,4294967295,0,0,4294967295,0,0,0,4294967295,0,0,268435455
25,0,0,0,4294967295,0,0,4294967295,0,0,0,4294967295,0,0,268435455
26,0,0,0,4294967295,0,0,4294967295,0,0,0,4294967295,0,0,268435455
27,0,0,0,4294967295,0,0,4294967295,0,0,0,4294967295,0,0,268435455
28,0,0,0,4294967295,0,0,4294967295,0,0,0,4294967295,0,0,268435455
29,0,0,0,4294967295,0,0,4294967295,0,0,0,4294967295,0,0,268435455
30,0,0,0,4294967295,0,0,4294967295,0,0,0,4294967295,0,0,268435455
31,0,0,0,4294967295,0,0,4294967295,0,0,0,4294967295,0,0,268435455
32,0,0,0,4294967295,0,0,4294967295,0,0,0,4294967295,0,0,268435455
33,0,0,0,4294967295,0,0,4294967295,0,0,0,4294967295,0,0,268435455
34,0,0,0,4294967295,0,0,4294967295,0,0,0,4294967295,0,0,268435455
35,0,0,0,4294967295,0,0,4294967295,0,0,0,4294967295,0,0,268435455
36,0,0,0,4294967295,0,0,4294967295,0,0,0,4294967295,0,0,268435455
37,0,0,0,4294967295,0,0,4294967295,0,0,0,4294967295,0,0,268435455
38,0,0,0,4294967295,0,0,4294967295,0,0,0,4294967295,0,0,268435455
39,0,0,0,4294967295,0,0,4294967295,0,0,0,4294967295,0,0,268435455
40,0,0,0,4294967295,0,0,4294967295,0,0,0,4294967295,0,0,268435455
41,0,0,0,4294967295,0,0,4294967295,0,0,0,4294967295,0,0,268435455
42,0,0,0,4294967295,0,0,4294967295,0,0,0,4294967295,0,0,268435455
43,0,0,0,4294967295,0,0,4294967295,0,0,0,4294967295,0,0,268435455
44,0,0,0,4294967295,0,0,4294967295,0,0,0,4294967295,0,0,268435455
45,0,0,0,4294967295,0,0,4294967295,0,0,0,4294967295,0,0,268435455
46,0,0,0,4294967295,0,0,4294967295,0,0,0,4294967295,0,0,268435455
47,0,0,0,4294967295,0,0,4294967295,0,0,0,4294967295,0,0,268435455
48,0,0,0,4294967295,0,0,4294967295,0,0,0,4294967295,0,0,268435455
49,0,0,0,4294967295,0,0,4294967295,0,0,0,4294967295,0,0,268435455
50,0,0,0,4294967295,0,0,4294967295,0,0,0,4294967295,0,0,268435455
51,0,0,0,4294967295,0,0,4294967295,0,0,0,4294967295,0,0,268435455
52,0,0,0,4294967295,0,0,4294967295,0,0,0,4294967295,0,0,268435455
53,0,0,0,4294967295,0,0,4294967295,0,0,0,4294967295,0,0,268435455
54,0,0,0,4294967295,0,0,4294967295,0,0,0,4294967295,0,0,268435455
55,0,0,0,4294967295,0,0,4294967295,0,0,0,4294967295,0,0,268435455
56,0,0,0,4294967295,0,0,4294967295,0,0,0,4294967295,0,0,268435455
57,0,0,0,4294967295,0,0,4294967295,0,0,0,4294967295,0,0,268435455
58,0,0,0,4294967295,0,0,4294967295,0,0,0,4294967295,0,0,268435455
59,0,0,0,4294967295,0,0,4294967295,0,0,0,4294967295,0,0,268435455
60,0,0,0,4294967295,0,0,4294967295,0,0,0,4294967295,0,0,268435455
61,0,0,0,4294967295,0,0,4294967295,0,0,0,4294967295,0,0,268435455
62,0,0,0,4294967295,0,0,4294967295,0,0,0,4294967295,0,0,268435455
63,0,0,0,4294967295,0,0,4294967295,0,0,0,4294967295,0,0,268435455
64,0,0,0,4294967295,0,0,4294967295,0,0,0,4294967295,0,0,268435455
65,0,0,0,4294967295,0,0,4294967295,0,0,0,4294967295,0,0,268435455
66,0,0,0,4294967295,0,0,4294967295,0,0,0,4294967295,0,0,268435455
67,0,0,0,4294967295,0,0,4294967295,0,0,0,4294967295,0,0,268435455
68,0,0,0,4294967295,0,0,4294967295,0,0,0,4294967295,0,0,268435455
69,0,0,0,4294967295,0,0,4294967295,0,0,0,4294967295,0,0,268435455
70,0,0,0,4294967295,0,0,4294967295,0,0,0,4294967295,0,0,268435455
71,0,0,0,4294967295,0,0,4294967295,0,0,0,4294967295,0,0,268435455
72,0,0,0,4294967295,0,0,4294967295,0,0,0,4294967295,0,0,268435455
73,0,0,0,4294967295,0,0,4294967295,0,0,0,4294967295,0,0,268435455
74,0,0,0,4294967295,0,0,4294967295,0,0,0,4294967295,0,0,268435455
75,0,0,0,4294967295,0,0,4294967295,0,0,0,4294967295,0,0,268435455
76,0,0,0,4294967295,0,0,4294967295,0,0,0,4294967295,0,0,268435455
77,0,0,0,4294967295,0,0,4294967295,0,0,0,4294967295,0,0,268435455
78,0,0,0,4294967295,0,0,4294967295,0,0,0,4294967295,0,0,268435455
79,0,0,0,4294967295,0,0,4294967295,0,0,0,4294967295,0,0,268435455
80,0,0,0,4294967295,0,0,4294967295,0,0,0,4294967295,0,0,268435455
81,0,0,0,4294967295,0,0,4294967295,0,0,0,4294967295,0,0,268435455
82,0,0,0,4294967295,0,0,4294967295,0,0,0,4294967295,0,0,268435455
83,0,0,0,4294967295,0,0,4294967295,0,0,0,4294967295,0,0,268435455
84,0,0,0,4294967295,0,0,4294967295,0,0,0,4294967295,0,0,268435455
85,0,0,0,4294967295,0,0,4294967295,0,0,0,4294967295,0,0,268435455
86,0,0,0,4294967295,0,0,4294967295,0,0,0,4294967295,0,0,268435455
87,0,0,0,4294967295,0,0,4294967295,0,0,0,4294967295,0,0,268435455
88,0,0,0,4294967295,0,0,4294967295,0,0,0,4294967295,0,0,268435455
89,0,0,0,4294967295,0,0,4294967295,0,0,0,4294967295,0,0,268435455
90,0,0,0,4294967295,0,0,4294967295,0,0,0,4294967295,0,0,268435455
91,0,0,0,4294967295,0,0,4294967295,0,0,0,4294967295,0,0,268435455
92,0,0,0,4294967295,0,0,4294967295,0,0,0,4294967295,0,0,268435455
93,0,0,0,4294967295,0,0,4294967295,0,0,0,4294967295,0,0,268435455
94,0,0,0,4294967295,0,0,4294967295,0,0,0,4294967295,0,0,268435455
95,0,0,0,4294967295,0,0,4294967295,0,0,0,4294967295,0,0,268435455
96,0,0,0,4294967295,0,0,4294967295,0,0,0,4294967295,0,0,268435455
97,0,0,0,4294967295,0,0,4294967295,0,0,0,4294967295,0,0,268435455
98,0,0,0,4294967295,0,0,4294967295,0,0,0,4294967295,0,0,268435455
99,0,0,0,4294967295,0,0,4294967295,0,0,0,4294967295,0,0,268435455
100,0,0,0,4294967295,0,0,4294967295,0,0,0,4294967295,0,0,268435455
101,0,0,0,4294967295,0,0,4294967295,0,0,0,4294967295,0,0,268435455
102,0,0,0,4294967295,0,0,4294967295,0,0,0,4294967295,0,0,268435455
103,0,0,0,4294967295,0,0,4294967295,0,0,0,4294967295,0,0,268435455
104,0,0,0,4294967295,0,0,4294967295,0,0,0,4294967295,0,0,268435455
105,0,0,0,4294967295,0,0,4294967295,0,0,0,4294967295,0,0,268435455
106,0,0,0,4294967295,0,0,4294967295,4294894454,-11786860,3924502745,8532209,-12493968,3917250795,8406051
107,0,0,0,4294967295,0,0,4294967295,36990,6172778,10372600,5352854,6157432,10110611,5561371
108,0,0,0,4294967295,0,0,4294967295,31214,5205180,9292795,4498168,5199650,9342792,4623126
109,0,0,0,4294967295,0,0,4294967295,28214,4716289,7274969,4124403,4688587,7079141,4185023
110,0,0,0,4294967295,0,0,4294967295,26384,4394038,6854515,3789858,4400790,6829444,3830171
111,0,0,0,4294967295,0,0,4294967295,25009,4179219,6317262,3718687,4157116,6237768,3756790
112,0,0,0,4294967295,0,0,4294967295,24171,4027387,6201458,3468140,4029900,6092625,3547002
113,0,0,0,4294967295,0,0,4294967295,23116,3856158,5961291,3407025,3849353,5844151,3463438
114,0,0,0,4294967295,0,0,4294967295,22788,3801858,5965202,3428510,3794266,5913180,3482839
115,0,0,0,4294967295,0,0,4294967295,23657,3906556,5892981,3374081,3979254,5854873,3188282
116,0,0,0,4294967295,0,0,4294967295,23248,3869305,5891657,3113094,3880327,5835176,3115278
117,0,0,0,4294967295,0,0,4294967295,21827,3625695,5733561,3005353,3649994,5643683,2869679
118,0,0,0,4294967295,0,0,4294967295,22208,3703214,5697059,3114966,3699731,5587198,3143242
119,0,0,0,4294967295,0,0,4294967295,23411,3912670,5652059,3194738,3891146,5548905,3231868
120,0,0,0,4294967295,0,0,4294967295,21873,3632316,5930083,3369425,3658739,5846070,3387654
121,0,0,0,4294967295,0,0,4294967295,20973,3504332,5604258,2791190,3486813,5542220,2772405
122,71306,12261111,1320427624,4860535,11507766,1304597909,5106879,20661,3445058,5455526,3029626,3442064,5298304,3006492
123,34117,5644475,17947538,4363247,5727941,17386480,4629869,19592,3268215,5070772,2700844,3262666,4972028,2694187
124,32596,5430924,18206683,4401723,5434429,17584302,4691713,19906,3313920,5284922,3020837,3321486,5231173,3028980
125,31862,5286509,17063396,4245768,5334273,16586933,4533748,20227,3365598,4979685,2704973,3377020,4876878,2728848
126,32032,5298705,16428421,4178070,5378659,16003892,4403605,19960,3321859,5085698,2928118,3331768,5046110,2906125
127,30369,5053303,16036559,3893114,5069975,15525137,4276823,19269,3200799,4861020,2528281,3222457,4772114,2652965
128,30625,5102340,16474007,4039981,5106225,15947593,4300121,19206,3204490,4981692,2868439,3197820,4950420,2866163
129,34066,5651198,15078284,3719113,5704243,14728513,4018850,19370,3231666,4906968,2583143,3225036,4867048,2619222
130,27860,4646690,14275071,3675085,4640118,13967422,3940553,19229,3179266,4919575,2687250,3230706,4895327,2689313
131,27957,4647839,14375758,3706860,4671209,14106674,4038558,19488,3253150,4891994,2704849,3243082,4833622,2710706
132,27327,4548633,14035845,3580228,4560590,13771408,3890174,18084,3020180,4713477,2697889,3007995,4591253,2714778
133,27146,4518469,13693736,3487355,4530217,13348175,3777465,18144,3026355,4745005,2619157,3021658,4646388,2631879
134,27064,4481327,13314848,3351572,4540230,13146490,3671085,17988,3006226,4466315,2582462,2990036,4436518,2431315
135,27721,4626103,13236710,3369673,4614348,12921195,3669291,17798,2964004,4573381,2711166,2968693,4480901,2676195
136,27737,4638555,13172254,3337885,4607191,12786193,3598284,18097,3012763,4643685,2629658,3019797,4577738,2626054
137,27572,4608708,12426572,3213004,4581980,12259909,3517188,17904,2983330,4524701,2597577,2984875,4444173,2563798
138,27435,4587136,12741401,3201858,4557931,12468019,3430365,17633,2941403,4567557,2375159,2936372,4519405,2378679
139,25486,4218374,12225027,3150010,4277288,12034106,3481391,17441,2926667,4292611,2376984,2887013,4236264,2414849
140,24534,4100954,11805236,2978320,4077092,11485208,3286458,16954,2823408,4426294,2502044,2828027,4366693,2563229
141,23856,3970335,11737928,2961121,3981782,11651312,3255063,16635,2778134,4344487,2502359,2767046,4271120,2443388
142,23366,3901868,11332860,2992640,3887006,11210230,3291898,16789,2796335,4340123,2504341,2800308,4249785,2393757
143,22346,3733322,11108796,2921316,3715592,10963088,3175457,17438,2908902,4366785,2493720,2903901,4305204,2499375
144,25989,4336851,11159193,2880704,4326435,11032574,3106479,17004,2834987,4390568,2402347,2833136,4333467,2394044
145,23042,3840355,11294340,2954549,3840408,11085944,3224392,16349,2723115,4218850,2346924,2726765,4142620,2385700
146,22512,3765491,10855811,2824097,3738817,10671813,3097999,16443,2742687,4259313,2405038,2738602,4201747,2411143
147,21987,3650257,10669730,2765594,3679073,10453252,3052390,15854,2637540,4093944,2259627,2647386,4033179,2274522
148,22032,3662119,10422265,2785749,3682137,10304473,3048864,16008,2667917,4123044,2289431,2668158,4055611,2274260
149,21775,3632493,10414013,2707311,3625959,10201028,3002709,15936,2653519,4181228,2317597,2658548,4125407,2322643
150,25955,4219811,10422704,2743150,4432174,10305299,2987025,15680,2616362,3965239,2302332,2610574,3935196,2287781
151,21499,3573862,10282361,2729733,3592632,10120590,2987249,16439,2744997,4206495,2350673,2734913,4133360,2319577
152,20471,3403218,10162370,2649369,3420646,9996347,2865878,15300,2559249,4134251,2223534,2541005,4063082,2200150
153,20772,3460551,9818789,2570676,3463599,9680700,2763887,15268,2545585,3842012,2324449,2543833,3791277,2273242
154,19993,3337150,9818810,2587557,3327398,9703429,2837251,15662,2622342,3948635,2203336,2598637,3831757,2207604
155,20237,3362314,9563235,2551109,3383394,9410382,2779257,15484,2585496,4150939,2181220,2575961,4064961,2206561
156,19612,3259668,9524678,2536730,3277685,9395500,2757490,15966,2650119,3937419,2156099,2672010,3835574,2158598
157,19138,3178760,9156931,2451089,3200679,9041032,2662748,14712,2452733,3868365,2061694,2451280,3729352,2122357
158,20120,3349697,9027193,2451797,3357004,8945670,2669355,14770,2457481,3911052,2219584,2465926,3864070,2249175
159,19010,3175186,9011122,2379934,3161724,8925435,2661524,15207,2524065,3915797,2147011,2545134,3883259,2168992
160,18569,3087847,8895045,2330980,3101871,8820903,2625674,15708,2616620,3852044,2090877,2619581,3832867,2034757
161,18667,3116101,8730676,2331875,3106478,8623888,2553068,14400,2398721,3884650,2155517,2401465,3800842,2066694
162,19229,3174637,8582779,2265930,3235343,8495710,2485623,15628,2593628,4004255,2220630,2615881,3956960,2128978
163,20733,3430715,8374958,2285772,3480611,8353924,2458394,14961,2486757,3860119,2163945,2500552,3821562,2114383
164,17590,2921032,8235489,2236021,2942451,8145500,2444739,15059,2513485,3813709,2163596,2506507,3751477,2196102
165,17573,2926710,8187131,2218396,2930958,8147308,2451220,14243,2365975,3809282,1962847,2381917,3759467,1966336
166,17008,2834639,8015907,2166775,2834897,7958903,2356143,14598,2439679,3780951,2166741,2426542,3723425,2080269
167,16741,2787565,7841425,2107286,2792977,7772317,2350505,14920,2482538,3730959,2111161,2491068,3695378,2091059
168,16322,2722942,7786758,2088043,2717726,7684610,2296748,14213,2372102,3753831,2116440,2365747,3723521,2030649
169,16281,2709121,7536108,2060533,2718061,7487148,2283401,14306,2380972,3710231,2152215,2387959,3678345,2114703
170,18402,3017287,7523533,2047899,3116983,7456632,2266418,14676,2454745,3749408,2034063,2437469,3726617,2031760
171,17111,2847321,7501950,1980543,2856470,7423785,2209664,13899,2308977,3644210,2088967,2324349,3573750,2075409
172,16136,2691955,7357488,1963970,2686886,7305448,2212904,14059,2331854,3639546,1950940,2354744,3582890,1961853
173,15691,2610607,7297046,1928469,2619821,7220324,2149127,13875,2308347,3707535,1943227,2316923,3639098,1939316
174,17019,3115830,7109841,1899578,2557242,6989874,2127789,14583,2420188,3661087,2065644,2440995,3600099,1998086
175,15544,2580710,7057425,1868527,2600727,6958906,2096585,13484,2246510,3573080,2078387,2248272,3516800,2034584
176,14911,2484637,6861061,1857919,2485977,6796498,2072730,13500,2251444,3559122,1997868,2248573,3522667,1998822
177,15646,2588500,6718120,1816967,2627028,6645239,2041847,13543,2261012,3488159,1962741,2253395,3505868,1985601
178,14568,2425716,6639189,1765036,2430480,6565057,1971689,13417,2234281,3459399,1799593,2238335,3420362,1899775
179,14889,2487129,6617184,1778916,2476021,6530545,2000432,13336,2220645,3557928,1942030,2224983,3530183,1884946
180,13925,2323384,6517400,1723719,2318525,6377947,1951051,13387,2233033,3416551,1875871,2229336,3368947,1864312
181,13961,2325681,6333454,1667102,2328221,6317309,1904679,13239,2209577,3436435,1862739,2203712,3390761,1893204
182,14404,2386439,6308539,1702541,2415061,6248624,1903456,12821,2142819,3426356,1849976,2130883,3401653,1838331
183,15561,2581231,6196234,1648093,2605976,6157068,1866928,12699,2121461,3390167,1821629,2111589,3313623,1801634
184,13295,2218036,6129061,1614195,2213815,6096974,1853503,12664,2110103,3339338,1811006,2111531,3276713,1857684
185,13311,2214287,5980449,1609577,2222998,5938778,1823231,12851,2138669,3277169,1866288,2145033,3196283,1841047
186,12978,2156152,5939659,1606271,2170088,5882244,1805648,12358,2059415,3150655,1741857,2060173,3103959,1771342
187,12837,2141014,5872054,1549765,2138108,5799579,1778557,12516,2086841,3262308,1720010,2085492,3188047,1665017
188,12548,2090397,5799832,1532396,2092459,5706586,1717910,12531,2075720,3198432,1796791,2101518,3106351,1709867
189,12489,2081770,5699729,1514089,2081285,5643604,1719979,11825,1966129,3131175,1647913,1975712,3083931,1731434
190,12079,2017026,5589749,1482009,2009323,5504074,1670869,12509,2083409,3152041,1698003,2086537,3108485,1739669
191,13595,2228523,5526445,1483013,2303428,5487328,1664125,11890,1982634,3070863,1671418,1981007,3030651,1724789
192,12274,2037733,5474670,1448095,2053761,5426286,1646538,11513,1916184,2953853,1632366,1921803,2888186,1625548
193,11859,1974116,5410221,1424575,1978970,5397454,1608069,11507,1916307,2947979,1596080,1919628,2900859,1624400
194,13405,2224520,5337549,1429649,2244030,5285022,1579294,11967,1993624,2921823,1609104,1995520,2911780,1584922
195,11636,1939218,5281617,1368363,1939550,5190241,1571614,11346,1895421,2961295,1616121,1886629,2926302,1601077
196,11223,1867560,5238928,1381991,1873563,5157194,1581015,11621,1938301,2896512,1599154,1935509,2879871,1626360
197,11393,1896506,5159685,1368459,1901237,5113280,1546470,10891,1810627,2898959,1561459,1819918,2846748,1565130
198,13089,2128439,5090866,1323375,2234814,5012054,1560177,10926,1821271,2815846,1575826,1820836,2797381,1532181
199,10993,1835844,5043806,1320221,1828764,5020560,1511070,10750,1787256,2791923,1574465,1796286,2763134,1535366
200,11367,1886632,4966841,1337670,1902600,4926188,1497180,10896,1821476,2802787,1593099,1810762,2771080,1562389
201,12693,2065030,4895094,1277215,2166285,4893752,1479345,11199,1861079,2822774,1576126,1872234,2775461,1584113
202,10632,1764226,4910188,1321987,1779778,4844181,1479964,11249,1875461,2758903,1568236,1874213,2700401,1529636
203,10551,1752969,4855683,1258392,1764045,4799769,1460484,11385,1902403,2783378,1503994,1892726,2715526,1365976
204,10700,1786974,4806255,1282736,1779848,4761517,1429625,11005,1834953,2714623,1531969,1833561,2681224,1506033
205,10877,1806792,4793343,1250317,1819016,4754423,1389618,10848,1809736,2710137,1502586,1806496,2669520,1502422
206,11051,1842539,4776918,1220341,1841454,4730700,1417735,10744,1787466,2710391,1485259,1793969,2642777,1519002
207,11100,1851849,4727604,1235947,1848394,4647621,1406864,10788,1797081,2695157,1537439,1799155,2636342,1523953
208,11096,1848638,4693552,1219591,1850253,4643151,1399610,10558,1765791,2663853,1505508,1753705,2602157,1348954
209,10968,1829463,4659056,1231700,1826669,4615930,1373376,10100,1693854,2616452,1518673,1672993,2603476,1495350
210,10783,1797682,4629418,1223072,1796782,4562382,1365888,9779,1637682,2644457,1467936,1622054,2607749,1478160
211,10352,1719155,4581208,1208746,1731780,4538233,1376817,9991,1658622,2562340,1486105,1671924,2525310,1489442
212,10169,1697105,4595622,1194946,1692855,4509897,1340413,10323,1722712,2628251,1483237,1718540,2572429,1483747
213,9743,1625566,4605942,1189892,1622414,4499707,1365276,10107,1679430,2548595,1491092,1689687,2505325,1402941
214,9753,1627226,4527913,1182785,1623881,4475279,1333059,9990,1658388,2617595,1340409,1671633,2504950,1389472
215,11506,1871273,4486847,1177241,1964149,4418055,1275915,9637,1604618,2783764,1334754,1607993,2661088,1337226
216,10444,1742498,4498710,1168924,1739003,4445406,1316706,9878,1643377,2577692,1408904,1649605,2516651,1387578
217,9824,1641436,4469155,1179170,1633426,4424057,1333613,9846,1644253,2512044,1364899,1637878,2467133,1396034
218,9563,1591928,4438948,1168194,1595786,4375316,1265391,10113,1685387,2517600,1426094,1685700,2472567,1333883
219,10692,1774988,4404687,1164126,1789064,4334663,1280185,9543,1590919,2625628,1418034,1590335,2479349,1406394
220,9669,1613189,4388959,1202066,1610135,4377716,1311053,9605,1650112,2492505,1394048,1551807,2422476,1385224
221,9431,1571370,4399632,1194072,1572523,4350274,1386748,9317,1552726,2471697,1306431,1553073,2433537,1309082
222,10239,1708917,4354466,1194137,1704198,4351892,1337474,9818,1637074,2409927,1430511,1635816,2368191,1365463
223,9448,1568496,4365280,1174165,1580878,4342727,1298792,9226,1536877,2543094,1318128,1538661,2516608,1323719
224,10931,1779438,4314595,1164407,1864352,4297491,1308143,9757,1630001,2608085,1291195,1622562,2592459,1290885
225,9425,1569066,4282856,1132763,1572807,4259570,1277672,9471,1581488,2459981,1313750,1575709,2416089,1321486
226,10085,1844396,4194212,1136060,1517507,4175986,1290171,9375,1563100,2495690,1309491,1562230,2455749,1286842
227,9418,1575437,4234001,1138802,1564198,4200652,1274372,9444,1625290,2432411,1315191,1522952,2404213,1316581
228,10534,1744439,4182274,1135255,1767067,4146738,1288604,9229,1534359,2454850,1294284,1542060,2411734,1301381
229,9086,1514665,4158678,1134581,1514020,4129994,1276154,9614,1591263,2432282,1341109,1613615,2365972,1302973
230,9934,1652736,4193045,1134845,1658650,4192765,1266352,9366,1561400,2485971,1297306,1560795,2438500,1288611
231,9086,1502997,4153184,1127850,1525682,4117598,1258386,9185,1528286,2432976,1280669,1533388,2423582,1289276
232,9388,1570086,4228980,1119858,1559292,4112068,1250362,9612,1601760,2435449,1300289,1602479,2373274,1319208
233,8940,1489092,4186567,1127222,1491023,4154798,1235684,9313,1555197,2391735,1285519,1549255,2397450,1289679
234,9195,1534367,4174333,1124870,1530702,4143853,1263747,9456,1571474,2434412,1311257,1580574,2391397,1280793
235,9892,1645691,4203163,1122915,1651731,4136410,1244080,9124,1517463,2409558,1306411,1524050,2343231,1318929
236,9085,1518235,4221137,1119733,1510306,4132082,1256709,9257,1545982,2580642,1277321,1539698,2522285,1286666
237,9323,1555062,4188034,1111836,1552851,4132659,1246294,9734,1620313,2429895,1282748,1624579,2404459,1256456
238,8952,1490331,4166123,1118320,1493675,4128686,1246482,9562,1603232,2475374,1295785,1584286,2445740,1287578
239,9212,1540492,4249565,1111832,1530244,4125645,1219563,9312,1548679,2412063,1305396,1555385,2371329,1276369
240,9841,1636928,4263762,1105875,1643633,4147511,1220109,9834,1628528,2455469,1290712,1649615,2439303,1271884
241,9138,1526303,4174330,1106722,1519958,4134458,1235230,9380,1562957,2409640,1269756,1563832,2374012,1273045
242,9400,1558376,4207231,1106640,1575082,4162128,1233295,9477,1577903,2610685,1289042,1581213,2528905,1269244
243,9017,1502017,4212564,1115423,1503772,4144123,1262685,9119,1519076,2461460,1277857,1520906,2424591,1284437
244,9402,1572839,4175801,1103892,1561227,4149417,1264613,9236,1537040,2500224,1310704,1541944,2350227,1289280
245,10234,1676965,4198233,1107195,1734677,4147933,1271465,9700,1622385,2439689,1339904,1611193,2406254,1319108
246,9239,1537763,4156596,1107593,1541907,4141866,1246822,9350,1557245,2407236,1329161,1559534,2372346,1276961
247,9705,1615545,4191699,1106782,1619545,4144553,1255269,9306,1552304,2449947,1299538,1549945,2392957,1299285
248,9067,1512242,4212958,1116307,1510202,4124511,1243354,9902,1643654,2651287,1302630,1657302,2553899,1268721
249,9302,1553933,4163317,1116195,1546861,4138236,1280065,9112,1521633,2396801,1275382,1523951,2326709,1270847
250,8976,1495431,4198844,1110103,1496728,4147039,1263453,9498,1583114,2419536,1300964,1583133,2378073,1309801
251,9206,1534601,4203212,1107445,1534279,4127688,1223014,9085,1514680,2534215,1259989,1513920,2515373,1262042
252,9819,1631586,4192508,1101922,1641507,4129393,1218963,9238,1541228,2441194,1329420,1538388,2417649,1314577
253,9144,1522412,4264575,1099544,1525785,4147222,1218159,9574,1597069,2596747,1250842,1594415,2576269,1282865
254,9361,1553466,4203592,1114640,1567138,4175641,1261831,9494,1580906,2405646,1261856,1583916,2383062,1265645
255,8972,1491708,4165766,1120886,1499246,4129155,1258725,9211,1541102,2602054,1246194,1529327,2553552,1257142
